H:\00\标准整理\AQ2005-2005金属非金属矿山排土场安全生产规则.doc	E:\syn\矿业聚合平台\scripts\_std_tmp\AQ2005-2005金属非金属矿山排土场安全生产规则.docx
H:\00\标准整理\AQT2063-2018《金属非金属露天矿山高陡边坡安全监测技术规范》 .doc	E:\syn\矿业聚合平台\scripts\_std_tmp\AQT2063-2018《金属非金属露天矿山高陡边坡安全监测技术规范》 .docx
H:\00\标准整理\GB 16423-2020 金属非金属矿山安全规程.doc	E:\syn\矿业聚合平台\scripts\_std_tmp\GB 16423-2020 金属非金属矿山安全规程.docx
H:\00\标准整理\GB 50197-2015煤炭工业露天矿设计规范.doc	E:\syn\矿业聚合平台\scripts\_std_tmp\GB 50197-2015煤炭工业露天矿设计规范.docx
H:\00\标准整理\GB 50201-2012土方与爆破工程施工及验收规范.doc	E:\syn\矿业聚合平台\scripts\_std_tmp\GB 50201-2012土方与爆破工程施工及验收规范.docx
H:\00\标准整理\GB 50421-2018有色金属矿山排土场设计标准[附条文说明].doc	E:\syn\矿业聚合平台\scripts\_std_tmp\GB 50421-2018有色金属矿山排土场设计标准[附条文说明].docx
H:\00\标准整理\GB 50544-2009有色金属企业总图运输设计规范.doc	E:\syn\矿业聚合平台\scripts\_std_tmp\GB 50544-2009有色金属企业总图运输设计规范.docx
H:\00\标准整理\GB 50564-2010金属非金属矿山采矿制图标准.doc	E:\syn\矿业聚合平台\scripts\_std_tmp\GB 50564-2010金属非金属矿山采矿制图标准.docx
H:\00\标准整理\GB 50771-2012有色金属采矿设计规范 [附条文说明] .doc	E:\syn\矿业聚合平台\scripts\_std_tmp\GB 50771-2012有色金属采矿设计规范 [附条文说明] .docx
H:\00\标准整理\GB 50830-2013冶金矿山采矿设计规范(附条文说明).doc	E:\syn\矿业聚合平台\scripts\_std_tmp\GB 50830-2013冶金矿山采矿设计规范(附条文说明).docx
H:\00\标准整理\GB 51111-2015露天金属矿施工组织设计规范.doc	E:\syn\矿业聚合平台\scripts\_std_tmp\GB 51111-2015露天金属矿施工组织设计规范.docx
H:\00\标准整理\GB 51214-2017煤炭工业露天矿边坡工程监测规范.doc	E:\syn\矿业聚合平台\scripts\_std_tmp\GB 51214-2017煤炭工业露天矿边坡工程监测规范.docx
H:\00\标准整理\GB 51339-2018非煤矿山采矿术语标准.doc	E:\syn\矿业聚合平台\scripts\_std_tmp\GB 51339-2018非煤矿山采矿术语标准.docx
H:\00\标准整理\GB 51360-2019金属露天矿工程施工及验收标准(附条文说明).doc	E:\syn\矿业聚合平台\scripts\_std_tmp\GB 51360-2019金属露天矿工程施工及验收标准(附条文说明).docx
H:\00\标准整理\GB J22-87《厂矿道路设计规范》.doc	E:\syn\矿业聚合平台\scripts\_std_tmp\GB J22-87《厂矿道路设计规范》.docx
H:\00\标准整理\GB51119-2015冶金矿山排土场设计规范 [附条文说明].doc	E:\syn\矿业聚合平台\scripts\_std_tmp\GB51119-2015冶金矿山排土场设计规范 [附条文说明].docx
H:\00\标准整理\GB 50175-2014露天煤矿工程质量验收规范.doc	E:\syn\矿业聚合平台\scripts\_std_tmp\GB 50175-2014露天煤矿工程质量验收规范.docx
H:\00\标准整理\GB 50859-2013矿山工程工程量计算规范 [附条文说明].doc	E:\syn\矿业聚合平台\scripts\_std_tmp\GB 50859-2013矿山工程工程量计算规范 [附条文说明].docx
H:\00\标准整理\GB 51289-2018煤炭工业露天矿边坡工程设计标准.doc	E:\syn\矿业聚合平台\scripts\_std_tmp\GB 51289-2018煤炭工业露天矿边坡工程设计标准.docx
H:\00\标准整理\TCSEB0008-2019爆破振动监测技术规范.doc	E:\syn\矿业聚合平台\scripts\_std_tmp\TCSEB0008-2019爆破振动监测技术规范.docx
